taxoncode;Totaal;Exoot;WF_Tolerantie;WF_Type_Brasem;WF_Type_Barbeel;WF_Type_Upstream;Grootte_Klasse_zoetwater;Grootte_Klasse_upstream;Shannon_Weaner;Migratie;Spec_Paaier;Bentisch;Invertivoor;Omnivoor;Piscivoor;Piscivoor_Opm;Invertivoor_Opm;Invertivoor_upstream;Water_Anadroom;Water_Brak;Water_Zoet;Nat_Recrutering;Recr_Grensw1;Recr_Grensw2;Recr_Grensw3;Recr_Grensw4;Recr_Grensw5;Gkla_Grenswa1;Gkla_Grenswa3;Gkla_Grenswa5;LeuCep;BarBus;GasAcu;Canals;Lakes;BenWei;Obligatory_species;mesohaline;oligohaline;freshwater;brak
LAM.FLU.; 1; 0; 3; 1; 1; 3; 0; 0; 1; 2; 1; 1; 0; 0; 1;NA;NA; 0; 1; 1; 1; 0;NA;NA;NA;NA;NA;NA;NA;NA; 0; 0; 0;0;0;0;0;1;1;1;0
LAM.PLA.; 1; 0; 3; 1; 2; 4; 0; 0; 1; 0; 1; 1; 0; 0; 0;NA;NA; 0; 0; 0; 1; 1; 9,9000;NA;NA;NA;NA;NA;NA;NA; 0; 0; 0;0;0;0;0;0;0;0;1
PET.MAR.; 1; 0; 5; 1; 0; 1; 1; 0; 1; 2; 1;NA; 0; 0; 0;NA;NA; 0; 1; 1; 1; 0;NA;NA;NA;NA;NA;NA;NA;NA; 0; 0; 0;0;0;0;0;1;1;1;1
ACI.STU.; 1; 0; 5; 1; 3; 0; 0; 0; 1; 1; 1;NA; 0; 0; 0;NA;NA; 0; 1; 1; 1; 1;NA;NA;NA;NA;NA;NA;NA;NA; 0; 0; 0;0;0;0;0;0;0;0;0
ANG.ANG.; 1; 0; 2; 4; 3; 2; 0; 1; 1; 2; 0; 1; 0; 1; 0;NA;NA; 0; 1; 1; 1; 1; 9,3900;15,5000;NA;NA;NA; 2; 3; 7; 0; 0; 0;1;1;0;0;1;1;1;1
ALO.ALO.; 1; 0; 5; 0; 1; 1; 1; 0; 1; 1; 1;NA; 0; 0; 1;NA;NA; 0; 1; 1; 1; 0;NA;NA;NA;NA;NA;NA;NA;NA; 0; 0; 0;0;0;0;0;0;0;0;1
ALO.FAL.; 1; 0; 5; 1; 1; 1; 0; 0; 1; 0; 1;NA; 0; 0; 1;NA;NA; 0; 1; 1; 1; 0;NA;NA;NA;NA;NA;NA;NA;NA; 0; 0; 0;0;0;0;0;1;1;1;1
ABR.BRA.; 1; 0; 1; 5; 2; 1; 0; 0; 1; 0; 0;NA; 0; 1; 0;NA;NA; 0; 0; 0; 1; 1; 7,0001;14,0000;NA;NA;NA;NA;NA;NA; 0; 0; 0;1;1;1;1;0;1;1;1
ALB.BIP.; 1; 0; 5; 1; 3; 4; 1; 1; 1; 0; 1;NA; 1; 0; 0;NA;NA; 1; 0; 0; 1; 1; 4,8000;NA;NA;NA;NA; 2; 7;NA; 0; 0; 0;0;0;0;0;0;0;0;0
ALB.ALB.; 1; 0; 2; 3; 3; 2; 0; 0; 1; 0; 0;NA; 1; 0; 0;NA;NA; 1; 0; 0; 1; 1; 5,6001;10,0000;NA;NA;NA;NA;NA;NA; 0; 0; 0;1;0;0;0;0;0;0;1
BAR.BAR.; 1; 0; 4; 1; 5; 4; 1; 1; 1; 1; 1; 1; 0; 1; 0;NA;NA; 0; 0; 0; 1; 1; 4,0000;10,0000;NA;NA;NA;NA; 2; 7; 0; 0; 0;0;0;0;0;0;0;0;0
BLI.BJO.; 1; 0; 2; 5; 2; 1; 1; 0; 1; 0; 0;NA; 0; 1; 0;NA;NA; 0; 0; 0; 1; 1; 6,0000;11,0000;NA;NA;NA;NA;NA;NA; 0; 0; 0;1;1;1;1;0;1;1;1
CAR.CAR.; 1; 0; 3; 2; 1; 1; 1; 0; 1; 0; 0;NA; 0; 1; 0;NA;NA; 0; 0; 0; 1; 1; 4,0000; 8,0000;14,5000;NA;NA;NA;NA;NA; 0; 0; 0;1;1;0;0;0;0;1;1
CAR.AUG.; 1; 1; 0; 2; 1; 0; 1; 0; 1; 0; 0;NA; 0; 1; 0;NA;NA; 0; 0; 0; 1; 1; 7,3900;17,0000;NA;NA;NA;NA;NA;NA; 0; 0; 0;1;1;0;0;0;0;0;0
CHO.NAS.; 1; 0; 4; 1; 4; 4; 1; 1; 1; 1; 1; 1; 0; 1; 0;NA;NA; 0; 0; 0; 1; 1; 8,0000;20,0000;NA;NA;NA;NA; 2; 7; 0; 0; 0;0;0;0;0;0;0;0;0
CTE.IDE.; 1; 1; 0; 0; 0; 0; 1; 0; 1; 0; 0;NA; 0; 0; 0;NA;NA; 0; 0; 0; 1; 0;NA;NA;NA;NA;NA;NA;NA;NA; 0; 0; 0;0;0;0;0;0;0;0;0
CYP.CAR.; 1; 0; 2; 3; 1; 1; 1; 0; 1; 0; 0;NA; 0; 1; 0;NA;NA; 0; 0; 0; 1; 1;13,0000;25,5000;NA;NA;NA;NA;NA;NA; 0; 0; 0;1;1;1;0;0;0;0;1
GOB.GOB.; 1; 0; 3; 1; 5; 4; 1; 1; 1; 0; 1;NA; 1; 0; 0;NA;NA; 1; 0; 0; 1; 1; 6,9999;10,0001;NA;NA;NA; 2; 3;NA; 0; 0; 0;1;1;0;0;0;0;0;0
LEU.CEP.; 1; 0; 3; 3; 5; 4; 1; 1; 1; 1; 1;NA; 0; 1; 0;NA;NA; 0; 0; 0; 1; 1; 7,0001;10,0000;15,9999;NA;NA; 3; 4; 7; 1; 0; 0;1;0;0;0;0;0;0;0
LEU.DEL.; 1; 0; 3; 2; 1; 1; 1; 0; 1; 0; 0;NA; 0; 0; 0;NA;NA; 0; 0; 0; 1; 1; 3,0000;NA;NA;NA;NA;NA;NA;NA; 0; 0; 0;1;1;0;0;0;0;0;1
LEU.IDE.; 1; 0; 4; 4; 4; 2; 0; 0; 1; 0; 0;NA; 0; 1; 0;NA;NA; 0; 0; 0; 1; 1;10,0000;17,0000;25,0000;NA;NA;NA;NA;NA; 0; 0; 0;1;1;0;0;0;1;1;1
LEU.LEU.; 1; 0; 4; 1; 5; 5; 1; 1; 1; 0; 1;NA; 1; 0; 0;NA;NA; 1; 0; 0; 1; 1;12,3000;17,0000;NA;NA;NA; 2; 3; 7; 0; 0; 0;0;0;0;0;0;0;0;0
PHO.PHO.; 1; 0; 5; 1; 3; 4; 1; 1; 1; 0; 1;NA; 0; 1; 0;NA;NA; 0; 0; 0; 1; 1; 4,4000; 6,7000;NA;NA;NA;NA; 2; 7; 0; 0; 0;0;0;0;0;0;0;0;0
PIM.PRO.; 1; 1; 0; 0; 0; 0; 1; 0; 1; 0; 0;NA; 0; 0; 0;NA;NA; 0; 0; 0; 1; 1; 5,0000;10,0000;NA;NA;NA;NA;NA;NA; 0; 0; 0;0;0;0;0;0;0;0;0
PSE.PAR.; 1; 1; 0; 0; 0; 0; 0; 0; 1; 0; 0;NA; 0; 1; 0;NA;NA; 0; 0; 0; 1; 1; 4,0000;NA;NA;NA;NA;NA;NA;NA; 0; 0; 0;0;0;0;0;0;0;0;1
RHO.AMA.; 1; 0; 3; 5; 3; 1; 1; 0; 1; 0; 1;NA; 0; 0; 0;NA;NA; 0; 0; 0; 1; 1; 6,0000; 9,0000;NA;NA;NA;NA;NA;NA; 0; 0; 0;1;1;0;0;0;1;1;1
RUT.RUT.; 1; 0; 1; 5; 3; 1; 1; 0; 1; 0; 0;NA; 0; 1; 0;NA;NA; 0; 0; 1; 1; 1; 6,0000;11,0000;15,0000;18;NA;NA;NA;NA; 0; 0; 0;1;1;0;1;1;1;1;1
SCA.ERY.; 1; 0; 3; 5; 3; 1; 1; 0; 1; 0; 1;NA; 0; 1; 0;NA;NA; 0; 0; 0; 1; 1; 6,0000;11,0000;15,0000;19;NA;NA;NA;NA; 0; 0; 0;1;1;0;1;0;1;1;1
TIN.TIN.; 1; 0; 3; 5; 2; 1; 1; 0; 1; 0; 1; 1; 0; 1; 0;NA;NA; 0; 0; 0; 1; 1; 6,3000;15,8000;21,5000;NA;NA;NA;NA;NA; 0; 0; 0;1;1;1;0;0;0;0;0
COB.TAE.; 1; 0; 4; 3; 3; 1; 1; 0; 1; 0; 1; 1; 1; 0; 0;NA;NA; 1; 0; 0; 1; 1; 5,0000;NA;NA;NA;NA;NA;NA;NA; 0; 0; 0;0;0;0;0;0;0;0;0
MIS.FOS.; 1; 0; 3; 3; 1; 1; 1; 0; 1; 0; 1; 1; 1; 0; 0;NA;NA; 1; 0; 0; 1; 1; 7,5000;15,0000;NA;NA;NA;NA;NA;NA; 0; 0; 0;0;0;0;0;0;1;1;1
BAR.BUS.; 1; 0; 3; 1; 3; 5; 1; 1; 1; 0; 1; 1; 1; 0; 0;NA;NA; 1; 0; 0; 1; 1; 4,9000;NA;NA;NA;NA;NA; 2; 7; 0; 1; 0;0;0;0;0;0;0;0;0
LOT.LOT.; 1; 0; 4; 3; 3; 3; 1; 0; 1; 1; 1; 1; 0; 0; 1;NA;NA; 0; 0; 0; 1; 1;15,0000;22,0000;NA;NA;NA;NA;NA;NA; 0; 0; 0;0;1;0;0;0;0;0;0
AME.NEB.; 1; 1; 0; 0; 0; 0; 1; 0; 1; 0; 0;NA; 0; 0; 0;NA;NA; 0; 0; 0; 1; 1; 7,0000;NA;NA;NA;NA;NA;NA;NA; 0; 0; 0;0;0;0;0;0;0;0;0
AME.MEL.; 1; 1; 0; 0; 0; 0; 1; 0; 1; 0; 0;NA; 0; 0; 0;NA;NA; 0; 0; 0; 1; 1; 7,0000;NA;NA;NA;NA;NA;NA;NA; 0; 0; 0;0;0;0;0;0;0;0;0
ICT.PUN.; 1; 1; 0; 3; 0; 0; 1; 0; 1; 0; 0;NA; 0; 0; 0;NA;NA; 0; 0; 0; 1; 0;NA;NA;NA;NA;NA;NA;NA;NA; 0; 0; 0;0;0;0;0;0;0;0;0
SIL.GLA.; 1; 0; 2; 4; 2; 1; 0; 0; 1; 0; 0; 1; 0; 0; 1;NA;NA; 0; 0; 0; 1; 1;15,0000;40,0000;NA;NA;NA;NA;NA;NA; 0; 0; 0;1;1;0;0;0;1;1;0
ESO.LUC.; 1; 0; 4; 5; 4; 2; 1; 0; 1; 0; 1;NA; 0; 0; 1;NA;NA; 0; 0; 0; 1; 1;15,0000;30,0000;60,0000;NA;NA;NA;NA;NA; 0; 0; 0;1;1;0;1;0;1;1;1
UMB.PYG.; 1; 1; 0; 0; 0; 0; 1; 0; 1; 0; 0;NA; 1; 0; 0;NA;NA; 1; 0; 0; 1; 1; 5,0000;NA;NA;NA;NA;NA;NA;NA; 0; 0; 0;0;0;0;0;0;0;0;0
OSM.EPE.; 1; 0; 4; 1; 1; 2; 1; 0; 1; 0; 1;NA; 1; 0; 1;10,0000;10,0000; 1; 1; 1; 1; 1; 6,0000;10,0000;NA;NA;NA;NA;NA;NA; 0; 0; 0;0;0;0;0;1;1;1;1
ONC.MYK.; 1; 1; 0; 0; 0; 0; 1; 0; 1; 0; 0;NA; 0; 0; 0;NA;NA; 0; 0; 0; 1; 0;NA;NA;NA;NA;NA;NA;NA;NA; 0; 0; 0;0;0;0;0;0;0;0;0
SAL.FON.; 1; 0; 0; 0; 0; 0; 1; 0; 1; 0; 0;NA; 0; 0; 0;NA;NA; 0; 0; 0; 1; 0;NA;NA;NA;NA;NA;NA;NA;NA; 0; 0; 0;0;0;0;0;0;0;0;0
SAL.FAR.; 1; 0; 5; 1; 3; 5; 1; 1; 1; 1; 1;NA; 1; 0; 1;24,9000;24,9000; 0; 0; 1; 1; 1;10,0000;14,0000;18,0000;NA;NA; 2; 3; 7; 0; 0; 0;0;0;0;0;0;0;0;0
SAL.TRU.; 1; 0; 5; 1; 1; 1; 1; 0; 1; 2; 1;NA; 1; 0; 1;24,9000;24,9000; 0; 1; 1; 1; 0;NA;NA;NA;NA;NA;NA;NA;NA; 0; 0; 0;0;0;0;0;1;1;1;1
COR.LAV.; 1; 1; 0; 1; 0; 0; 0; 0; 1; 0; 0;NA; 0; 0; 0;NA;NA; 0; 1; 1; 1; 0;NA;NA;NA;NA;NA;NA;NA;NA; 0; 0; 0;0;0;0;0;0;0;0;0
COR.OXY.; 1; 0; 5; 0; 0; 0; 0; 0; 1; 0; 0;NA; 0; 0; 0;NA;NA; 0; 0; 1; 1; 0;NA;NA;NA;NA;NA;NA;NA;NA; 0; 0; 0;0;0;0;0;0;0;0;0
THY.THY.; 1; 0; 5; 1; 3; 5; 0; 1; 1; 1; 1;NA; 1; 0; 0;NA;NA; 1; 1; 1; 1; 1;14,0000;24,0000;NA;NA;NA;NA; 2; 7; 0; 0; 0;0;0;0;0;0;0;0;0
GAS.ACU.; 1; 0; 1; 3; 3; 2; 1; 0; 1; 0; 0;NA; 0; 1; 0;NA;NA; 0; 1; 1; 1; 1; 4,0000;NA;NA;NA;NA;NA;NA;NA; 0; 0; 0;1;1;0;0;1;1;1;1
PUN.PUN.; 1; 0; 1; 3; 3; 1; 1; 0; 1; 0; 0;NA; 0; 1; 0;NA;NA; 0; 0; 0; 1; 1; 4,0000;NA;NA;NA;NA;NA;NA;NA; 0; 0; 0;1;1;0;0;0;1;1;1
COT.PER.; 1; 0; 5; 1; 3; 4; 1; 1; 1; 0; 1; 1; 1; 0; 0;NA;NA; 1; 0; 0; 1; 1; 4,9900; 8,0000;NA;NA;NA; 2; 3; 7; 0; 0; 0;0;0;0;0;0;0;0;0
LEP.GIB.; 1; 1; 0; 0; 0; 0; 0; 0; 1; 0; 0;NA; 0; 0; 0;NA;NA; 0; 0; 0; 1; 1; 4,6000; 8,0000;NA;NA;NA;NA;NA;NA; 0; 0; 0;0;0;0;0;0;0;0;0
GYM.CER.; 1; 0; 2; 5; 3; 1; 1; 0; 1; 0; 0; 1; 1; 0; 0;NA;NA; 1; 0; 1; 1; 1; 5,0000; 7,0000;11,0000;NA;NA;NA;NA;NA; 0; 0; 0;1;1;1;1;1;1;1;1
PER.FLU.; 1; 0; 2; 5; 3; 2; 1; 0; 1; 0; 0;NA; 1; 0; 1;13,0001;13,0001; 1; 0; 1; 1; 1; 7,0000;13,0000;20,0000;NA;NA;NA;NA;NA; 0; 0; 0;1;1;0;1;1;1;1;1
SAN.LUC.; 1; 1; 0; 5; 3; 0; 1; 0; 1; 0; 0;NA; 0; 0; 1;NA;NA; 0; 0; 1; 1; 1;12,0000;29,2000;40,0000;NA;NA;NA;NA;NA; 0; 0; 0;1;1;0;0;1;1;1;1
CHE.RAM.; 1; 0; 0; 0; 0; 0; 1; 0; 1; 0; 0;NA; 0; 0; 0;NA;NA; 0; 1; 1; 1; 0;NA;NA;NA;NA;NA;NA;NA;NA; 0; 0; 0;0;0;0;0;0;0;0;0
CHE.LAB.; 1; 0; 0; 0; 0; 0; 0; 0; 1; 0; 0;NA; 0; 0; 0;NA;NA; 0; 0; 1; 0; 0;NA;NA;NA;NA;NA;NA;NA;NA; 0; 0; 0;0;0;0;0;0;0;0;0
PLA.FLE.; 1; 0; 2; 1; 1; 1; 0; 0; 1; 0; 0; 1; 1; 0; 0;NA;NA; 1; 1; 1; 1; 0;NA;NA;NA;NA;NA;NA;NA;NA; 0; 0; 0;1;0;0;0;1;1;1;1
HYP.MOL.; 1; 1; 0; 0; 0; 0; 0; 0; 1; 0; 0;NA; 0; 0; 0;NA;NA; 0; 0; 0; 1; 0;NA;NA;NA;NA;NA;NA;NA;NA; 0; 0; 0;0;0;0;0;0;0;0;0
POM.MIC.; 1; 0; 0; 0; 0; 0; 1; 0; 1; 0; 0;NA; 0; 0; 0;NA;NA; 0; 0; 1; 1; 0;NA;NA;NA;NA;NA;NA;NA;NA; 0; 0; 0;0;0;0;0;1;1;0;1
SPR.SPR.; 1; 0; 0; 0; 0; 0; 0; 0; 1; 0; 0;NA; 0; 0; 0;NA;NA; 0; 0; 1; 0; 0;NA;NA;NA;NA;NA;NA;NA;NA; 0; 0; 0;0;0;0;0;1;1;0;1
PLE.PLA.; 1; 0; 0; 0; 0; 0; 0; 0; 1; 0; 0;NA; 0; 0; 0;NA;NA; 0; 0; 1; 0; 0;NA;NA;NA;NA;NA;NA;NA;NA; 0; 0; 0;0;0;0;0;1;0;0;1
POM.MIN.; 1; 0; 0; 0; 0; 0; 0; 0; 1; 0; 0;NA; 0; 0; 0;NA;NA; 0; 0; 1; 1; 0;NA;NA;NA;NA;NA;NA;NA;NA; 0; 0; 0;0;0;0;0;1;1;0;1
TRI.LUS.; 1; 0; 0; 0; 0; 0; 0; 0; 1; 0; 0;NA; 0; 0; 0;NA;NA; 0; 0; 1; 0; 0;NA;NA;NA;NA;NA;NA;NA;NA; 0; 0; 0;0;0;0;0;1;1;0;0
DIC.LAB.; 1; 0; 0; 0; 0; 0; 0; 0; 1; 0; 0;NA; 0; 0; 0;NA;NA; 0; 0; 0; 1; 0;NA;NA;NA;NA;NA;NA;NA;NA; 0; 0; 0;0;0;0;0;1;1;0;1
ASP.ASP.; 1; 1; 0; 0; 0; 0; 0; 0; 1; 0; 0;NA; 0; 0; 0;NA;NA; 0; 0; 0; 1; 1;14,9900;35,0000;NA;NA;NA;NA;NA;NA; 0; 0; 0;0;0;0;0;0;0;0;0
CAR.AUR.; 0; 1; 0; 0; 0; 0; 0; 0; 1; 0; 0;NA; 0; 0; 0;NA;NA; 0; 0; 0; 0; 0;NA;NA;NA;NA;NA;NA;NA;NA; 0; 0; 0;0;0;0;0;0;0;0;1
CHA.CHA.; 0; 0; 0; 0; 0; 0; 0; 0; 1; 0; 0;NA; 0; 0; 0;NA;NA; 0; 0; 0; 1; 0;NA;NA;NA;NA;NA;NA;NA;NA; 0; 0; 0;0;0;0;0;0;0;0;0
HYB.HYB.; 0; 0; 0; 0; 0; 0; 0; 0; 1; 0; 0;NA; 0; 0; 0;NA;NA; 0; 0; 0; 0; 0;NA;NA;NA;NA;NA;NA;NA;NA; 0; 0; 0;0;0;0;0;0;0;0;0
SAL.SAL.; 1; 0; 5; 1; 1; 5; 0; 0; 1; 2; 1;NA; 1; 0; 0;NA;NA; 1; 1; 1; 1; 0;NA;NA;NA;NA;NA;NA;NA;NA; 0; 0; 0;0;0;0;0;0;0;0;1
VIM.VIM.; 1; 1; 0; 0; 0; 0; 0; 0; 1; 0; 0;NA; 0; 0; 0;NA;NA; 0; 0; 0; 0; 0;NA;NA;NA;NA;NA;NA;NA;NA; 0; 0; 0;0;0;0;0;0;0;0;0
ACI.BAE.; 1; 1; 0; 0; 0; 0; 0; 0; 1; 0; 0;NA; 0; 0; 0;NA;NA; 0; 0; 0; 0; 0;NA;NA;NA;NA;NA;NA;NA;NA; 0; 0; 0;0;0;0;0;0;0;0;1
ENG.ENC.; 1; 0; 0; 0; 0; 0; 0; 0; 1; 0; 0;NA; 0; 0; 0;NA;NA; 0; 0; 1; 0; 0;NA;NA;NA;NA;NA;NA;NA;NA; 0; 0; 0;0;0;0;0;1;0;0;1
ARG.REG.; 1; 0; 0; 0; 0; 0; 0; 0; 1; 0; 0;NA; 0; 0; 0;NA;NA; 0; 0; 1; 0; 0;NA;NA;NA;NA;NA;NA;NA;NA; 0; 0; 0;0;0;0;0;0;0;0;0
PHO.GUN.; 1; 0; 0; 0; 0; 0; 0; 0; 1; 0; 0;NA; 0; 0; 0;NA;NA; 0; 0; 1; 0; 0;NA;NA;NA;NA;NA;NA;NA;NA; 0; 0; 0;0;0;0;0;0;0;0;0
CON.CON.; 1; 0; 0; 0; 0; 0; 0; 0; 1; 0; 0;NA; 0; 0; 0;NA;NA; 0; 0; 1; 0; 0;NA;NA;NA;NA;NA;NA;NA;NA; 0; 0; 0;0;0;0;0;0;0;0;1
SQU.ACA.; 1; 0; 0; 0; 0; 0; 0; 0; 1; 0; 0;NA; 0; 0; 0;NA;NA; 0; 0; 1; 0; 0;NA;NA;NA;NA;NA;NA;NA;NA; 0; 0; 0;0;0;0;0;0;0;0;1
BEL.BEL.; 1; 0; 0; 0; 0; 0; 0; 0; 1; 0; 0;NA; 0; 0; 0;NA;NA; 0; 0; 1; 0; 0;NA;NA;NA;NA;NA;NA;NA;NA; 0; 0; 0;0;0;0;0;0;0;0;1
POM.PIC.; 1; 0; 0; 0; 0; 0; 0; 0; 1; 0; 0;NA; 0; 0; 0;NA;NA; 0; 0; 1; 0; 0;NA;NA;NA;NA;NA;NA;NA;NA; 0; 0; 0;0;0;0;0;0;0;0;0
APH.MIN.; 1; 0; 0; 0; 0; 0; 0; 0; 1; 0; 0;NA; 0; 0; 0;NA;NA; 0; 0; 1; 0; 0;NA;NA;NA;NA;NA;NA;NA;NA; 0; 0; 0;0;0;0;0;1;0;0;1
EUT.GUR.; 1; 0; 0; 0; 0; 0; 0; 0; 1; 0; 0;NA; 0; 0; 0;NA;NA; 0; 0; 1; 0; 0;NA;NA;NA;NA;NA;NA;NA;NA; 0; 0; 0;0;0;0;0;0;0;0;0
SCO.RHO.; 1; 0; 0; 0; 0; 0; 0; 0; 1; 0; 0;NA; 0; 0; 0;NA;NA; 0; 0; 1; 0; 0;NA;NA;NA;NA;NA;NA;NA;NA; 0; 0; 0;0;0;0;0;0;0;0;1
POM.XXX.; 1; 0; 0; 0; 0; 0; 0; 0; 1; 0; 0;NA; 0; 0; 0;NA;NA; 0; 0; 1; 1; 0;NA;NA;NA;NA;NA;NA;NA;NA; 0; 0; 0;0;0;0;0;0;0;0;0
SYN.ACU.; 1; 0; 0; 0; 0; 0; 0; 0; 1; 0; 0;NA; 0; 0; 0;NA;NA; 0; 0; 1; 0; 0;NA;NA;NA;NA;NA;NA;NA;NA; 0; 0; 0;0;0;0;0;1;1;0;1
CLU.HAR.; 1; 0; 0; 0; 0; 0; 0; 0; 1; 0; 0;NA; 0; 0; 0;NA;NA; 0; 0; 1; 0; 0;NA;NA;NA;NA;NA;NA;NA;NA; 0; 0; 0;0;0;0;0;1;1;0;1
AGO.CAT.; 1; 0; 0; 0; 0; 0; 0; 0; 1; 0; 0;NA; 0; 0; 0;NA;NA; 0; 0; 1; 0; 0;NA;NA;NA;NA;NA;NA;NA;NA; 0; 0; 0;0;0;0;0;0;0;0;1
TRA.TRA.; 1; 0; 0; 0; 0; 0; 0; 0; 1; 0; 0;NA; 0; 0; 0;NA;NA; 0; 0; 1; 0; 0;NA;NA;NA;NA;NA;NA;NA;NA; 0; 0; 0;0;0;0;0;0;0;0;1
GAD.MOR.; 1; 0; 0; 0; 0; 0; 0; 0; 1; 0; 0;NA; 0; 0; 0;NA;NA; 0; 0; 1; 0; 0;NA;NA;NA;NA;NA;NA;NA;NA; 0; 0; 0;0;0;0;0;0;0;0;1
HIP.RAM.; 1; 0; 0; 0; 0; 0; 0; 0; 1; 0; 0;NA; 0; 0; 0;NA;NA; 0; 0; 1; 0; 0;NA;NA;NA;NA;NA;NA;NA;NA; 0; 0; 0;0;0;0;0;0;0;0;1
ECH.VIP.; 1; 0; 0; 0; 0; 0; 0; 0; 1; 0; 0;NA; 0; 0; 0;NA;NA; 0; 0; 1; 0; 0;NA;NA;NA;NA;NA;NA;NA;NA; 0; 0; 0;0;0;0;0;0;0;0;1
SYN.ROS.; 1; 0; 0; 0; 0; 0; 0; 0; 1; 0; 0;NA; 0; 0; 0;NA;NA; 0; 0; 1; 0; 0;NA;NA;NA;NA;NA;NA;NA;NA; 0; 0; 0;0;0;0;0;1;1;0;1
POL.VIR.; 1; 0; 0; 0; 0; 0; 0; 0; 1; 0; 0;NA; 0; 0; 0;NA;NA; 0; 0; 1; 0; 0;NA;NA;NA;NA;NA;NA;NA;NA; 0; 0; 0;0;0;0;0;0;0;0;0
ATH.PRE.; 1; 0; 0; 0; 0; 0; 0; 0; 1; 0; 0;NA; 0; 0; 0;NA;NA; 0; 0; 1; 0; 0;NA;NA;NA;NA;NA;NA;NA;NA; 0; 0; 0;0;0;0;0;0;0;0;1
HIP.HIP.; 1; 0; 0; 0; 0; 0; 0; 0; 1; 0; 0;NA; 0; 0; 0;NA;NA; 0; 0; 1; 0; 0;NA;NA;NA;NA;NA;NA;NA;NA; 0; 0; 0;0;0;0;0;0;0;0;0
POM.LOZ.; 1; 0; 0; 0; 0; 0; 0; 0; 1; 0; 0;NA; 0; 0; 0;NA;NA; 0; 0; 1; 0; 0;NA;NA;NA;NA;NA;NA;NA;NA; 0; 0; 0;0;0;0;0;0;0;0;1
SCO.SCO.; 1; 0; 0; 0; 0; 0; 0; 0; 1; 0; 0;NA; 0; 0; 0;NA;NA; 0; 0; 1; 0; 0;NA;NA;NA;NA;NA;NA;NA;NA; 0; 0; 0;0;0;0;0;0;0;0;0
SCO.SAU1; 1; 0; 0; 0; 0; 0; 0; 0; 1; 0; 0;NA; 0; 0; 0;NA;NA; 0; 0; 1; 0; 0;NA;NA;NA;NA;NA;NA;NA;NA; 0; 0; 0;0;0;0;0;0;0;0;1
MUL.SUR.; 1; 0; 0; 0; 0; 0; 0; 0; 1; 0; 0;NA; 0; 0; 0;NA;NA; 0; 0; 1; 0; 0;NA;NA;NA;NA;NA;NA;NA;NA; 0; 0; 0;0;0;0;0;0;0;0;1
CAL.LYR.; 1; 0; 0; 0; 0; 0; 0; 0; 1; 0; 0;NA; 0; 0; 0;NA;NA; 0; 0; 1; 0; 0;NA;NA;NA;NA;NA;NA;NA;NA; 0; 0; 0;0;0;0;0;0;0;0;1
POL.POL.; 1; 0; 0; 0; 0; 0; 0; 0; 1; 0; 0;NA; 0; 0; 0;NA;NA; 0; 0; 1; 0; 0;NA;NA;NA;NA;NA;NA;NA;NA; 0; 0; 0;0;0;0;0;0;0;0;0
ZOA.VIV.; 1; 0; 0; 0; 0; 0; 0; 0; 1; 0; 0;NA; 0; 0; 0;NA;NA; 0; 0; 1; 0; 0;NA;NA;NA;NA;NA;NA;NA;NA; 0; 0; 0;0;0;0;0;1;1;0;1
CHE.LUC.; 1; 0; 0; 0; 0; 0; 0; 0; 1; 0; 0;NA; 0; 0; 0;NA;NA; 0; 0; 1; 0; 0;NA;NA;NA;NA;NA;NA;NA;NA; 0; 0; 0;0;0;0;0;1;0;0;0
MIM.LIM.; 1; 0; 0; 0; 0; 0; 0; 0; 1; 0; 0;NA; 0; 0; 0;NA;NA; 0; 0; 1; 0; 0;NA;NA;NA;NA;NA;NA;NA;NA; 0; 0; 0;0;0;0;0;0;0;0;1
ARN.LAT.; 1; 0; 0; 0; 0; 0; 0; 0; 1; 0; 0;NA; 0; 0; 0;NA;NA; 0; 0; 1; 0; 0;NA;NA;NA;NA;NA;NA;NA;NA; 0; 0; 0;0;0;0;0;0;0;0;1
LIP.LIP.; 1; 0; 0; 0; 0; 0; 0; 0; 1; 0; 0;NA; 0; 0; 0;NA;NA; 0; 0; 1; 0; 0;NA;NA;NA;NA;NA;NA;NA;NA; 0; 0; 0;0;0;0;0;1;0;0;1
HYP.LAN.; 1; 0; 0; 0; 0; 0; 0; 0; 1; 0; 0;NA; 0; 0; 0;NA;NA; 0; 0; 1; 0; 0;NA;NA;NA;NA;NA;NA;NA;NA; 0; 0; 0;0;0;0;0;0;0;0;1
CYC.LUM.; 1; 0; 0; 0; 0; 0; 0; 0; 1; 0; 0;NA; 0; 0; 0;NA;NA; 0; 0; 1; 0; 0;NA;NA;NA;NA;NA;NA;NA;NA; 0; 0; 0;0;0;0;0;0;0;0;1
RAJ.CLA.; 1; 0; 0; 0; 0; 0; 0; 0; 1; 0; 0;NA; 0; 0; 0;NA;NA; 0; 0; 1; 0; 0;NA;NA;NA;NA;NA;NA;NA;NA; 0; 0; 0;0;0;0;0;0;0;0;1
SCO.MAX.; 1; 0; 0; 0; 0; 0; 0; 0; 1; 0; 0;NA; 0; 0; 0;NA;NA; 0; 0; 1; 0; 0;NA;NA;NA;NA;NA;NA;NA;NA; 0; 0; 0;0;0;0;0;0;0;0;0
SOL.SOL.; 1; 0; 0; 0; 0; 0; 0; 0; 1; 0; 0;NA; 0; 0; 0;NA;NA; 0; 0; 1; 0; 0;NA;NA;NA;NA;NA;NA;NA;NA; 0; 0; 0;0;0;0;0;1;1;0;1
CIL.MUS.; 1; 0; 0; 0; 0; 0; 0; 0; 1; 0; 0;NA; 0; 0; 0;NA;NA; 0; 0; 1; 0; 0;NA;NA;NA;NA;NA;NA;NA;NA; 0; 0; 0;0;0;0;0;0;0;0;1
RAN.RAN.; 1; 0; 0; 0; 0; 0; 0; 0; 1; 0; 0;NA; 0; 0; 0;NA;NA; 0; 0; 1; 0; 0;NA;NA;NA;NA;NA;NA;NA;NA; 0; 0; 0;0;0;0;0;0;0;0;0
MER.MER.; 1; 0; 0; 0; 0; 0; 0; 0; 1; 0; 0;NA; 0; 0; 0;NA;NA; 0; 0; 1; 0; 0;NA;NA;NA;NA;NA;NA;NA;NA; 0; 0; 0;0;0;0;0;1;0;0;1
AMM.TOB.; 1; 0; 0; 0; 0; 0; 0; 0; 1; 0; 0;NA; 0; 0; 0;NA;NA; 0; 0; 1; 0; 0;NA;NA;NA;NA;NA;NA;NA;NA; 0; 0; 0;0;0;0;0;0;0;0;1
MYO.SCO.; 1; 0; 0; 0; 0; 0; 0; 0; 1; 0; 0;NA; 0; 0; 0;NA;NA; 0; 0; 1; 0; 0;NA;NA;NA;NA;NA;NA;NA;NA; 0; 0; 0;0;0;0;0;1;1;0;1
SQU.SQU.; 1; 0; 0; 0; 0; 0; 0; 0; 1; 0; 0;NA; 0; 0; 0;NA;NA; 0; 0; 1; 0; 0;NA;NA;NA;NA;NA;NA;NA;NA; 0; 0; 0;0;0;0;0;0;0;0;1
SPI.SPI.; 1; 0; 0; 0; 0; 0; 0; 0; 1; 0; 0;NA; 0; 0; 0;NA;NA; 0; 0; 0; 0; 0;NA;NA;NA;NA;NA;NA;NA;NA; 0; 0; 0;0;0;0;0;0;0;0;0
ACI.RUT.; 1; 1; 0; 0; 0; 0; 0; 0; 0; 0; 0;NA; 0; 0; 0;NA;NA; 0; 0; 0; 0; 0;NA;NA;NA;NA;NA;NA;NA;NA; 0; 0; 0;0;0;0;0;0;0;0;0
GOB.NIG1.; 1; 0; 0; 0; 0; 0; 0; 0; 1; 0; 0;NA; 0; 0; 0;NA;NA; 0; 0; 1; 0; 0;NA;NA;NA;NA;NA;NA;NA;NA; 0; 0; 0;0;0;0;0;0;0;0;0
CLA.GAR.; 0; 1; 0; 0; 0; 0; 0; 0; 0; 0; 0;NA; 0; 0; 0;NA;NA; 0; 0; 0; 0; 0;NA;NA;NA;NA;NA;NA;NA;NA; 0; 0; 0;0;0;0;0;0;0;0;0
SAB.AUR.; 0; 1; 4; 3; 0; 0; 0; 0; 0; 0; 0;NA; 0; 0; 0;NA;NA; 0; 0; 0; 0; 0;NA;NA;NA;NA;NA;NA;NA;NA; 0; 0; 0;0;0;0;0;0;0;0;0
COT.POE.; 0; 1; 0; 0; 0; 0; 0; 0; 0; 0; 0;NA; 0; 0; 0;NA;NA; 0; 0; 0; 0; 0;NA;NA;NA;NA;NA;NA;NA;NA; 0; 0; 0;0;0;0;0;0;0;0;0
LAM.SPE.; 0; 0; 0; 0; 0; 0; 0; 0; 0; 0; 0;NA; 0; 0; 0;NA;NA; 0; 0; 0; 0; 0;NA;NA;NA;NA;NA;NA;NA;NA; 0; 0; 0;0;0;0;0;0;0;0;0
KAR.KAR.; 0; 0; 2; 0; 0; 0; 0; 0; 0; 0; 0;NA; 0; 0; 0;NA;NA; 0; 0; 0; 0; 0;NA;NA;NA;NA;NA;NA;NA;NA; 0; 0; 0;0;0;0;0;0;0;0;0
TEL.SOE.; 0; 1; 0; 0; 0; 0; 0; 0; 0; 0; 0;NA; 0; 0; 0;NA;NA; 0; 0; 0; 0; 0;NA;NA;NA;NA;NA;NA;NA;NA; 0; 0; 0;0;0;0;0;0;0;0;0
LIP.PHO.; 1; 0; 0; 0; 0; 0; 0; 0; 1; 0; 0;NA; 0; 0; 0;NA;NA; 0; 0; 1; 0; 0;NA;NA;NA;NA;NA;NA;NA;NA; 0; 0; 0;0;0;0;0;0;0;0;0
PRO.SEM.; 1; 1; 0; 0; 0; 0; 0; 0; 1; 0; 0;NA; 0; 0; 0;NA;NA; 0; 0; 0; 1; 1; 5,0000;NA;NA;NA;NA;NA;NA;NA; 0; 0; 0;0;0;0;0;0;0;0;0
MIC.SAL.; 0; 1; 0; 0; 0; 0; 0; 0; 0; 0; 0;NA; 0; 0; 0;NA;NA; 0; 0; 0; 0; 0;NA;NA;NA;NA;NA;NA;NA;NA; 0; 0; 0;0;0;0;0;0;0;0;0
ENT.AEQ.; 1; 0; 0; 0; 0; 0; 0; 0; 1; 0; 0;NA; 0; 0; 0;NA;NA; 0; 0; 1; 0; 0;NA;NA;NA;NA;NA;NA;NA;NA; 0; 0; 0;0;0;0;0;0;0;0;0
NEO.MEL.; 1; 1; 0; 0; 0; 0; 0; 0; 1; 0; 0;NA; 0; 0; 0;NA;NA; 0; 0; 1; 0; 0;NA;NA;NA;NA;NA;NA;NA;NA; 0; 0; 0;0;0;0;0;0;0;0;0
NA; 0; 0; 0; 0; 0; 0; 0; 0; 0; 0; 0;NA; 0; 0; 0;NA;NA; 0; 0; 0; 0; 0;NA;NA;NA;NA;NA;NA;NA;NA;NA;NA;NA;0;0;0;0;0;0;0;0
NA; 0; 0; 0; 0; 0; 0; 0; 0; 0; 0; 0;NA; 0; 0; 0;NA;NA; 0; 0; 0; 0; 0;NA;NA;NA;NA;NA;NA;NA;NA;NA;NA;NA;0;0;0;0;0;0;0;0
NA; 0; 0; 0; 0; 0; 0; 0; 0; 0; 0; 0;NA; 0; 0; 0;NA;NA; 0; 0; 0; 0; 0;NA;NA;NA;NA;NA;NA;NA;NA;NA;NA;NA;0;0;0;0;0;0;0;0
NA; 0; 0; 0; 0; 0; 0; 0; 0; 0; 0; 0;NA; 0; 0; 0;NA;NA; 0; 0; 0; 0; 0;NA;NA;NA;NA;NA;NA;NA;NA;NA;NA;NA;0;0;0;0;0;0;0;0
NA; 0; 0; 0; 0; 0; 0; 0; 0; 0; 0; 0;NA; 0; 0; 0;NA;NA; 0; 0; 0; 0; 0;NA;NA;NA;NA;NA;NA;NA;NA;NA;NA;NA;0;0;0;0;0;0;0;0
PAR.TOX.; 0; 1; 0; 0; 0; 0; 0; 0; 0; 0; 0;NA; 0; 0; 0;NA;NA; 0; 0; 0; 0; 0;NA;NA;NA;NA;NA;NA;NA;NA; 0; 0; 0;0;0;0;0;0;0;0;0
BAR.MER.; 0; 1; 0; 0; 0; 0; 0; 0; 0; 0; 0;NA; 0; 0; 0;NA;NA; 0; 0; 0; 0; 0;NA;NA;NA;NA;NA;NA;NA;NA; 0; 0; 0;0;0;0;0;0;0;0;0
BUG.LUT.; 1; 0; 0; 0; 0; 0; 1; 0; 1; 0; 0;NA; 0; 0; 0;NA;NA; 0; 0; 1; 0; 0;NA;NA;NA;NA;NA;NA;NA;NA; 0; 0; 0;0;0;0;0;0;0;0;0
COT.GRP.;NA;NA;NA;NA;NA;NA;NA;NA;NA;NA;NA;NA;NA;NA;NA;NA;NA;NA;NA;NA;NA;NA;NA;NA;NA;NA;NA;NA;NA;NA; 0; 0; 0;0;0;0;0;0;0;0;1
LIZ.RAM.;NA;NA;NA;NA;NA;NA;NA;NA;NA;NA;NA;NA;NA;NA;NA;NA;NA;NA;NA;NA;NA;NA;NA;NA;NA;NA;NA;NA;NA;NA; 0; 0; 0;0;0;0;0;1;1;1;1
MIM.LIM.;NA;NA;NA;NA;NA;NA;NA;NA;NA;NA;NA;NA;NA;NA;NA;NA;NA;NA;NA;NA;NA;NA;NA;NA;NA;NA;NA;NA;NA;NA; 0; 0; 0;0;0;0;0;0;0;0;1
PSE.MAX.;NA;NA;NA;NA;NA;NA;NA;NA;NA;NA;NA;NA;NA;NA;NA;NA;NA;NA;NA;NA;NA;NA;NA;NA;NA;NA;NA;NA;NA;NA; 0; 0; 0;0;0;0;0;0;0;0;1
TRI.LUC.;NA;NA;NA;NA;NA;NA;NA;NA;NA;NA;NA;NA;NA;NA;NA;NA;NA;NA;NA;NA;NA;NA;NA;NA;NA;NA;NA;NA;NA;NA; 0; 0; 0;0;0;0;0;0;0;0;1
